<?xml version="1.0" encoding="UTF-8"?>
<project-private xmlns="http://www.netbeans.org/ns/project-private/1">
    <editor-bookmarks xmlns="http://www.netbeans.org/ns/editor-bookmarks/2" lastBookmarkId="1">
        <file>
            <url>web/META-INF/context.xml</url>
            <bookmark id="1">
                <name/>
                <line>3</line>
                <key/>
            </bookmark>
        </file>
    </editor-bookmarks>
    <open-files xmlns="http://www.netbeans.org/ns/projectui-open-files/2">
        <group>
            <file>file:/C:/Users/zarin/OneDrive%20-%20Nottingham%20Trent%20University/SCC/GlobalDorm/src/java/globaldorm/DistanceService.java</file>
            <file>file:/C:/Users/zarin/OneDrive%20-%20Nottingham%20Trent%20University/SCC/GlobalDorm/web/index.html</file>
            <file>file:/C:/Users/zarin/OneDrive%20-%20Nottingham%20Trent%20University/SCC/GlobalDorm/src/java/globaldorm/WeatherService.java</file>
            <file>file:/C:/Users/zarin/OneDrive%20-%20Nottingham%20Trent%20University/SCC/GlobalDorm/web/distance.html</file>
            <file>file:/C:/Users/zarin/OneDrive%20-%20Nottingham%20Trent%20University/SCC/GlobalDorm/src/java/globaldorm/RoomSearchService.java</file>
            <file>file:/C:/Users/zarin/OneDrive%20-%20Nottingham%20Trent%20University/SCC/GlobalDorm/web/WEB-INF/rooms.json</file>
            <file>file:/C:/Users/zarin/OneDrive%20-%20Nottingham%20Trent%20University/SCC/GlobalDorm/src/java/globaldorm/DistanceServlet.java</file>
            <file>file:/C:/Users/zarin/OneDrive%20-%20Nottingham%20Trent%20University/SCC/GlobalDorm/web/roomDetails.html</file>
            <file>file:/C:/Users/zarin/OneDrive%20-%20Nottingham%20Trent%20University/SCC/GlobalDorm/src/java/globaldorm/RoomServlet.java</file>
            <file>file:/C:/Users/zarin/OneDrive%20-%20Nottingham%20Trent%20University/SCC/GlobalDorm/web/manageapplications.html</file>
            <file>file:/C:/Users/zarin/OneDrive%20-%20Nottingham%20Trent%20University/SCC/GlobalDorm/web/Style.css</file>
            <file>file:/C:/Users/zarin/OneDrive%20-%20Nottingham%20Trent%20University/SCC/GlobalDorm/src/java/globaldorm/ApplicationHistoryServlet.java</file>
            <file>file:/C:/Users/zarin/OneDrive%20-%20Nottingham%20Trent%20University/SCC/GlobalDorm/src/java/globaldorm/RoomDetailsServlet.java</file>
            <file>file:/C:/Users/zarin/OneDrive%20-%20Nottingham%20Trent%20University/SCC/GlobalDorm/web/weather.html</file>
            <file>file:/C:/Users/zarin/OneDrive%20-%20Nottingham%20Trent%20University/SCC/GlobalDorm/web/WEB-INF/applications.json</file>
            <file>file:/C:/Users/zarin/OneDrive%20-%20Nottingham%20Trent%20University/SCC/GlobalDorm/src/java/globaldorm/ApplicationServlet.java</file>
            <file>file:/C:/Users/zarin/OneDrive%20-%20Nottingham%20Trent%20University/SCC/GlobalDorm/src/java/globaldorm/RoomApplication.java</file>
            <file>file:/C:/Users/zarin/OneDrive%20-%20Nottingham%20Trent%20University/SCC/GlobalDorm/web/META-INF/context.xml</file>
            <file>file:/C:/Users/zarin/OneDrive%20-%20Nottingham%20Trent%20University/SCC/GlobalDorm/web/apply.html</file>
            <file>file:/C:/Users/zarin/OneDrive%20-%20Nottingham%20Trent%20University/SCC/GlobalDorm/src/java/globaldorm/WeatherServlet.java</file>
            <file>file:/C:/Users/zarin/OneDrive%20-%20Nottingham%20Trent%20University/SCC/GlobalDorm/src/java/globaldorm/ApplicationService.java</file>
        </group>
    </open-files>
</project-private>
