{"applications": [
    {
        "userEmail": "zarin@example.com",
        "userName": "Zarin Subah",
        "userId": "123",
        "roomId": "1",
        "status": "cancelled"
    },
    {
        "userEmail": "sss@gmail.com",
        "userName": "sabrina",
        "userId": "1",
        "roomId": "2",
        "status": "cancelled"
    },
    {
        "userEmail": "sss@gmail.com",
        "userName": "sabrina",
        "userId": "1",
        "roomId": "2",
        "status": "pending"
    },
    {
        "userEmail": "sss@gmail.com",
        "userName": "sabrina",
        "userId": "1",
        "roomId": "1",
        "status": "pending"
    },
    {
        "userId": "123",
        "roomId": "1",
        "status": "pending"
    },
    {
        "userId": "123",
        "roomId": "2",
        "status": "pending"
    },
    {
        "userId": "123",
        "roomId": "2",
        "status": "pending"
    },
    {
        "userEmail": "sss@gmail.com",
        "userName": "sabrina",
        "roomId": "1",
        "status": "pending"
    },
    {
        "userEmail": "sudu@gmail.com",
        "userName": "sabrina",
        "roomId": "2",
        "status": "pending"
    },
    {
        "userEmail": "subahzarin5@gmail.com",
        "userName": "zarin",
        "roomId": "1",
        "status": "pending"
    },
    {
        "userEmail": "zarinsubah@gmail.com",
        "userName": "zarin",
        "roomId": "1",
        "status": "pending"
    },
    {
        "userEmail": "zarinsubah@gmail.com",
        "userName": "zarin",
        "roomId": "3",
        "status": "pending"
    },
    {
        "userEmail": "zarin@gmail.com",
        "applicationId": 1,
        "userName": "subah",
        "roomId": 2,
        "status": "canceled"
    },
    {
        "userEmail": "adiba@gmail.com",
        "userName": "adiba",
        "roomId": 1,
        "status": "pending"
    },
    {
        "userEmail": "adiba@gmail.com",
        "userName": "adiba",
        "roomId": 5,
        "status": "pending"
    },
    {
        "userEmail": "adiba@gmail.com",
        "userName": "adiba",
        "applicationId": 16,
        "roomId": 4,
        "status": "canceled"
    },
    {
        "userEmail": "aziz@gmail.com",
        "applicationId": 17,
        "userName": "aziz",
        "roomId": 3,
        "status": "canceled"
    },
    {
        "userEmail": "johndoe@gmail.com",
        "userName": "john doe",
        "applicationId": 18,
        "roomId": 2,
        "status": "canceled"
    },
    {
        "userEmail": "johndoe@gmail.com",
        "userName": "john doe",
        "applicationId": 19,
        "roomId": 4,
        "status": "canceled"
    },
    {
        "userEmail": "adiba@gmail.com",
        "userName": "adiba",
        "applicationId": 20,
        "roomId": 2,
        "status": "pending"
    },
    {
        "userEmail": "aziz@gmail.com",
        "userName": "aziz",
        "applicationId": 21,
        "roomId": 2,
        "status": "canceled"
    },
    {
        "userEmail": "johndoe@gmail.com",
        "userName": "john doe",
        "applicationId": 22,
        "roomId": 1,
        "status": "canceled"
    },
    {
        "userEmail": "aziz@gmail.com",
        "userName": "aziz",
        "applicationId": 23,
        "roomId": 3,
        "status": "canceled"
    }
]}